id,booking_id,traveler_name,traveler_email,departure_date,return_date,destination_country,destination_city
1,4105,"Cecilia Willms",stiedemann.verona@yahoo.com,2020-06-25,2020-07-08,Spain,"South Elvismouth"
2,6909,"Mrs. Queen Connelly",kathryne73@hotmail.com,2020-06-16,2020-07-08,Denmark,Champlinburgh
3,5299,"Micheal Feil Jr.",ullrich.jack@hotmail.com,2020-06-11,2020-07-22,Micronesia,Konopelskifurt
4,6090,"Prof. Jo Gusikowski",ernser.larue@heathcote.net,2020-06-09,2020-07-19,Bhutan,Auerview
5,7412,"Kim Sporer",laura.keebler@tromp.com,2020-06-21,2020-06-09,"Isle of Man",Daphnemouth
6,8019,"Dr. Simone Jerde Jr.",upowlowski@shields.org,2020-06-10,2020-07-18,Iran,Beaulahstad
7,9885,"Ms. Darlene Jones",conroy.skyla@hotmail.com,2020-06-28,2020-06-03,Iceland,"East Dane"
8,9714,"Catalina Schmitt Jr.",justyn12@reilly.info,2020-06-11,2020-06-15,Tonga,Neldamouth
9,1830,"Lila Miller",jast.emmet@yahoo.com,2020-06-14,2020-07-25,"Antigua and Barbuda",Wehnerberg
10,7041,"Miles Farrell",goodwin.rachelle@hotmail.com,2020-06-14,2020-06-27,Guatemala,Aldenfurt
11,8813,"Junior Hessel",volkman.domenica@hotmail.com,2020-06-02,2020-06-03,Fiji,Schowalterville
12,8637,"Savanah Champlin",janiya.lakin@langworth.com,2020-06-02,2020-07-13,Somalia,Mantetown
13,5603,"Jaden Bradtke MD",raymond.denesik@hotmail.com,2020-06-27,2020-06-26,Mauritania,"East Jeanettemouth"
14,3459,"Roderick Ruecker",dubuque.nelson@gmail.com,2020-06-14,2020-07-27,"Czech Republic",Denesikland
15,5634,"Dr. Luna Schmidt DDS",tlindgren@yahoo.com,2020-06-19,2020-06-28,Ethiopia,"Lake Emmie"
16,3957,"Mrs. Mabel Aufderhar I",atreutel@schinner.com,2020-06-22,2020-07-19,Taiwan,"Lake Wellingtonmouth"
17,932,"Lorna Huel",emil.mante@dietrich.biz,2020-06-28,2020-06-21,Taiwan,Lucindatown
18,4329,"Ms. Cierra Bechtelar MD",emilio.beier@hotmail.com,2020-06-12,2020-06-25,Malawi,Collinsbury
19,5884,"Alta Ernser MD",velva.harber@gmail.com,2020-06-11,2020-06-29,Indonesia,"Lake Lance"
20,1438,"Rachel Spencer",spencer.daren@yost.com,2020-06-07,2020-07-07,Samoa,Kiraburgh
21,3811,"Prof. Elton Haag V",gorczany.alia@purdy.com,2020-06-10,2020-06-23,Namibia,Baronburgh
22,5794,"Eda Walter",hfeil@yahoo.com,2020-06-11,2020-06-06,Mauritania,"South Derick"
23,8636,"Prof. Cyril Wehner I",botsford.christelle@moen.com,2020-06-28,2020-07-08,"Isle of Man","East Amirafort"
24,6968,"Perry Gerhold",tillman.jettie@yahoo.com,2020-06-04,2020-06-06,Fiji,Kertzmannton
25,2732,"Dr. Alexandre Gusikowski Jr.",lowe.karlee@gmail.com,2020-06-18,2020-06-20,Tanzania,"Lake Bernardhaven"
26,7728,"Hans Langosh",carleton.harber@heaney.com,2020-06-12,2020-06-28,Lebanon,"Port Kittyport"
27,530,"Rosamond Schultz",berge.norwood@hansen.com,2020-06-13,2020-07-15,Tokelau,"New Kamrenside"
28,5362,"Prof. Holden DuBuque",stoltenberg.elaina@yahoo.com,2020-06-17,2020-07-01,Oman,Mckaylaview
29,541,"Dr. Elvera Hartmann",mathilde07@hotmail.com,2020-06-18,2020-06-27,Ireland,Walkerstad
30,3215,"Prof. Carlotta Wisoky I",annabell.kerluke@kunze.com,2020-06-15,2020-06-13,Morocco,"North Twila"
31,3366,"Dr. Carissa Collins",kozey.dalton@hermiston.com,2020-06-17,2020-07-23,Mali,Addiemouth
32,230,"Dr. Horace Kulas DDS",brutherford@hotmail.com,2020-06-05,2020-06-13,Greenland,Klingstad
33,4876,"Kacey Bashirian",schmitt.cooper@hotmail.com,2020-06-03,2020-06-27,Aruba,Langport
34,3402,"Mr. Kraig Hansen Sr.",kunze.mia@gmail.com,2020-06-10,2020-06-06,Australia,"Lake Cooper"
35,1570,"Ramiro Jast",jaskolski.jacky@yahoo.com,2020-06-27,2020-07-21,Seychelles,"Port Rosaliaview"
36,6461,"Sheridan Bechtelar",mlebsack@moore.net,2020-06-16,2020-06-10,"Marshall Islands",Marisolville
37,9629,"Dr. Verona McCullough V",nmcdermott@gmail.com,2020-06-10,2020-07-04,Togo,"East Josianebury"
38,8199,"Prof. Lee Shanahan DVM",lourdes.dickinson@sawayn.org,2020-06-24,2020-06-15,Niger,"North Sabina"
39,6092,"Johnnie Roob PhD",oorn@considine.com,2020-06-10,2020-07-17,Montenegro,Kuhnstad
40,2046,"Ima Schiller",schuster.anastasia@kulas.com,2020-06-13,2020-06-25,"Lao People's Democratic Republic",Homenickside
41,1483,"Pablo Lindgren",hessel.maymie@hotmail.com,2020-06-04,2020-06-20,Anguilla,"East Jaleelview"
42,7583,"Ernie Fay",hickle.willie@hegmann.info,2020-06-03,2020-06-10,Singapore,Pfannerstillmouth
43,4243,"Mr. Kaley Medhurst IV",murray.allison@denesik.info,2020-06-09,2020-07-19,Azerbaijan,Vallieshire
44,9710,"Trenton Rutherford",vcummings@gerhold.org,2020-06-22,2020-06-08,Turkmenistan,"East Keelyhaven"
45,2051,"Ms. Jany Ernser",schuppe.rod@hotmail.com,2020-06-15,2020-07-18,Chile,Jacestad
46,1126,"Evangeline Schaefer",leta.jacobson@yahoo.com,2020-06-26,2020-06-11,Norway,Buckridgeland
47,1181,"Nels Sawayn",gokon@beatty.com,2020-06-26,2020-06-07,Croatia,"New Wilfridstad"
48,2790,"Jodie Cole V",bstracke@yahoo.com,2020-06-17,2020-06-19,Guinea,"South Ezequiel"
49,9981,"Margarett Wintheiser",corwin.jayme@bauch.com,2020-06-02,2020-07-08,Benin,Oscarview
50,7706,"Jamir Rau DDS",iondricka@brakus.com,2020-06-24,2020-06-06,Mongolia,Audreytown
51,5749,"Ernestine Swaniawski",brekke.madalyn@cole.com,2020-06-05,2020-07-13,"Saint Helena",Streichstad
52,3865,"Mrs. Lois Donnelly",matt01@boyle.com,2020-06-17,2020-07-17,Indonesia,"North Omarishire"
53,7769,"Esta Breitenberg",beaulah10@metz.net,2020-06-05,2020-06-06,"United States Virgin Islands","West Yolandaburgh"
54,7471,"Mr. Leon Kling",alda69@grady.com,2020-06-10,2020-07-06,Oman,"East Savanahmouth"
55,3167,"Prof. Gennaro Turner IV",grady.eva@batz.org,2020-06-16,2020-06-04,Egypt,Leoniestad
56,124,"Finn Smitham",khilpert@schimmel.com,2020-06-11,2020-07-26,Tajikistan,Larsonberg
57,6664,"Ms. Eulalia Gerlach",hquitzon@hotmail.com,2020-06-21,2020-06-21,"Antarctica (the territory South of 60 deg S)",Oscarside
58,1230,"Bernita Stamm",jammie79@hotmail.com,2020-06-03,2020-06-11,"Papua New Guinea",Richardberg
59,9739,"Margarette Gutkowski",bharvey@hotmail.com,2020-06-14,2020-06-05,"Saint Kitts and Nevis","New Chasitytown"
60,2123,"Gene Okuneva IV",lori13@yahoo.com,2020-06-02,2020-06-07,Togo,Nicolasville
61,4228,"Zora Kilback",qcorwin@green.com,2020-06-17,2020-07-07,Guernsey,Tillmanport
62,7696,"Ardith Bahringer Sr.",krystina16@gmail.com,2020-06-04,2020-07-17,Kuwait,"North Orvalbury"
63,1156,"Mr. Isaiah Fritsch I",scrooks@welch.com,2020-06-21,2020-07-02,Angola,Alfonsofurt
64,6872,"Skylar Bogan",dwyman@feest.net,2020-06-26,2020-06-13,Slovenia,"Port Bufordfort"
65,6634,"Ruben Murphy",wilkinson.yvonne@gmail.com,2020-06-23,2020-06-04,"Burkina Faso","Lake Everettborough"
66,2420,"Estella Hartmann",dale59@gmail.com,2020-06-11,2020-07-06,Uruguay,"East Stanley"
67,8098,"Michel Kris MD",lang.emmett@yahoo.com,2020-06-03,2020-07-02,"Falkland Islands (Malvinas)",Douglashaven
68,1940,"Junius Erdman",tcruickshank@oberbrunner.com,2020-06-08,2020-07-06,"Trinidad and Tobago",Okunevaberg
69,6086,"Prof. Shakira Kuphal III",hkoch@yahoo.com,2020-06-10,2020-06-02,"Burkina Faso",Hammesfurt
70,9707,"Colten Von",nwunsch@williamson.com,2020-06-19,2020-06-22,Norway,"Port Angelina"
71,1110,"Dr. Tatyana Shields",desiree91@hotmail.com,2020-06-13,2020-06-19,"South Georgia and the South Sandwich Islands","East Calista"
72,3108,"Dr. Brennan Goyette",gottlieb.adolphus@hotmail.com,2020-06-06,2020-06-29,Cyprus,Wyattstad
73,8750,"Miss Linnie Connelly",chris.ryan@cummerata.com,2020-06-28,2020-07-09,Nauru,"East Ignaciostad"
74,3495,"Alyson Koepp",borer.vaughn@bauch.info,2020-06-21,2020-06-29,"Turks and Caicos Islands",Spencerstad
75,4683,"Mrs. Maiya Green",waylon68@hotmail.com,2020-06-17,2020-07-06,Aruba,Louisamouth
76,7322,"Kattie Gutkowski DVM",akeem14@rutherford.com,2020-06-17,2020-07-09,Macao,Sipestown
77,2541,"Dr. Christelle Hettinger",ylowe@yahoo.com,2020-06-04,2020-07-19,Canada,"New Zionport"
78,221,"Dr. Lorena Heidenreich DVM",flo.wilderman@cormier.net,2020-06-09,2020-06-06,Malta,Lindgrenview
79,9619,"Mr. Pietro Wisoky Jr.",sallie.wuckert@beatty.org,2020-06-11,2020-07-10,"Trinidad and Tobago","South Glendaport"
80,7237,"Ladarius O'Hara Sr.",mallie97@gibson.com,2020-06-10,2020-06-10,"Trinidad and Tobago",Palmaville
81,3514,"Kennedi Pouros",hthiel@hotmail.com,2020-06-13,2020-06-27,Nauru,Fannyfurt
82,9423,"Sigrid Little II",nicole.bauch@yahoo.com,2020-06-21,2020-07-06,"Lao People's Democratic Republic","West Rozellamouth"
83,9953,"Martin Konopelski",qmorar@mante.biz,2020-06-15,2020-06-26,Chad,Baileystad
84,2618,"Prof. Maya Becker III",deontae92@yahoo.com,2020-06-28,2020-06-07,"Saint Barthelemy","North Othaburgh"
85,752,"Elijah Waters",monahan.danny@beahan.com,2020-06-15,2020-06-05,Ghana,Amandaview
86,4817,"Rebeka Jenkins II",percival57@bednar.com,2020-06-12,2020-07-21,Peru,"New Kiara"
87,4785,"Chase O'Hara",kelly88@yahoo.com,2020-06-05,2020-06-02,Guyana,Champlinhaven
88,8925,"Effie Cummings",vstracke@gmail.com,2020-06-11,2020-07-06,Burundi,Reillyport
89,8355,"Mr. Kameron Marquardt",zfriesen@yahoo.com,2020-06-24,2020-06-14,"Dominican Republic",Botsfordchester
90,7489,"Adela Conroy Sr.",eldora82@yahoo.com,2020-06-04,2020-07-12,Bolivia,Aimeetown
91,2291,"Aglae Beatty",erika13@berge.biz,2020-06-02,2020-06-20,"United Arab Emirates",Montyfurt
92,7427,"Dexter Schamberger",carolyne.renner@braun.com,2020-06-07,2020-07-19,Niue,Luettgenfurt
93,2177,"Matilde O'Conner",andrew73@hotmail.com,2020-06-18,2020-07-18,Peru,"New Sammy"
94,6787,"Hollis D'Amore",stella.lehner@yahoo.com,2020-06-11,2020-07-10,Georgia,Dewittside
95,3220,"Marianne Kassulke",simonis.ruben@hotmail.com,2020-06-05,2020-07-14,Croatia,Shanaton
96,6614,"Prof. Pink Medhurst V",fkuvalis@jakubowski.com,2020-06-24,2020-06-11,Angola,"New Carli"
97,6257,"Prof. Abdullah Pollich PhD",graham.jalyn@gmail.com,2020-06-28,2020-06-19,"Cocos (Keeling) Islands",Kaleighmouth
98,6944,"Mireya Hermann",prosacco.floyd@gmail.com,2020-06-26,2020-07-02,"Saint Vincent and the Grenadines","Port Dianashire"
99,5546,"Marcelino Hickle",smueller@stokes.com,2020-06-16,2020-07-17,Latvia,Jaskolskimouth
100,9581,"Miss Madalyn Simonis III",armstrong.billy@gmail.com,2020-06-04,2020-06-15,Nicaragua,Kuhlmanmouth
